Username_1,Lastname_1,kaomao45,88888888,00:22:49,28/03/2021
Name2,LastName2,Autopython,Autopython,00:38:45,31/03/2021
Name3,LastName3,UserName2,username2,00:38:45,31/03/2021
name4,lastname4,username4,username4,00:48:19,31/03/2021
name4,lastname4,username4,username4,00:48:19,31/03/2021
name4,lastname4,username4,username4,00:48:19,31/03/2021
name4,lastname4,username4,username4,00:48:19,31/03/2021
name4,lastname4,username4,username4,00:48:19,31/03/2021
name4,lastname4,username4,username4,00:49:46,31/03/2021
name5,lastname5,username5,username5,00:49:46,31/03/2021
name6,lastname6,username6,username6,00:53:06,31/03/2021
name7,lastname7,username7,username7,00:53:06,31/03/2021
